Bond,bmatyas0@msu.edu,Male
Langsdon,lcristou1@merriam-webster.com,Male
Gaspar,gvarnes2@buzzfeed.com,Male
Lucien,lmatushenko3@newsvine.com,Male
Arlina,aheymann4@ocn.ne.jp,Female
Averill,abeek5@comsenz.com,Agender
Merrily,mstein6@forbes.com,Female
Reggie,rbrozek7@last.fm,Female
Ceciley,ccrockett8@plala.or.jp,Female
Seumas,sleborgne9@photobucket.com,Agender
Chevy,chadekea@redcross.org,Male
Sallyann,seagarb@drupal.org,Female
Batholomew,bsegebrechtc@artisteer.com,Male
Nanni,nwalakd@mtv.com,Female
Rosanna,radeye@java.com,Female
Pierce,psherrettf@g.co,Male
Alison,askellingtong@freewebs.com,Female
Clarance,cslisbyh@ucsd.edu,Male
Lucienne,lsomervillei@ucoz.com,Female
Vittorio,vmichelij@dell.com,Male
Greta,gperrellik@shutterfly.com,Female
Orlan,obucktharpl@alibaba.com,Male
Angelle,apattingtonm@bluehost.com,Female
Madge,mmccritichien@slashdot.org,Female
Franklyn,ftomsetto@google.co.uk,Male
Jaime,jyeudep@loc.gov,Male
Danice,dpoateq@merriam-webster.com,Female
Wilfrid,whovendenr@yolasite.com,Male
Tuckie,tbuttreys@pcworld.com,Male
Horton,hpaudint@163.com,Male
Oliviero,owiseu@acquirethisname.com,Male
Tynan,tbrasherv@instagram.com,Male
Susannah,sluxonw@cafepress.com,Female
Fredra,fpeagramx@si.edu,Female
Glenn,gspurdony@nbcnews.com,Male
Steffane,spachecoz@state.tx.us,Agender
Hubey,hlicas10@dell.com,Agender
Daniella,dandrick11@state.tx.us,Female
Stesha,slister12@ucoz.com,Female
Lorenzo,lmoneti13@friendfeed.com,Male
Meaghan,mhagstone14@nifty.com,Female
Norry,nluesley15@multiply.com,Non-binary
Gretta,gtolwood16@imgur.com,Female
Carissa,csarsons17@unesco.org,Female
Cindee,cburles18@meetup.com,Female
Ag,abischoff19@scientificamerican.com,Female
Arluene,avignal1a@jiathis.com,Female
Tore,tphython1b@printfriendly.com,Male
Tibold,tdeere1c@state.tx.us,Male
Nye,nwootton1d@rakuten.co.jp,Non-binary
Micheal,mstrainge1e@ocn.ne.jp,Male
Daphna,dkrollmann1f@comsenz.com,Female
Grove,gkield1g@php.net,Male
Marlane,mreinbech1h@bluehost.com,Female
Livia,lgarrish1i@yolasite.com,Female
Kristi,kroizn1j@omniture.com,Female
Baudoin,bhayball1k@adobe.com,Male
Breena,bsalsberg1l@latimes.com,Female
Alli,akyngdon1m@pcworld.com,Female
Aron,adoak1n@hud.gov,Bigender
Alina,agladwin1o@dmoz.org,Female
Dael,dvaller1p@t.co,Male
Jayme,jtevlin1q@yahoo.co.jp,Female
Valene,vmatzl1r@aboutads.info,Female
Tresa,tdelacey1s@census.gov,Female
Tisha,telphey1t@oaic.gov.au,Female
Kelvin,kdrivers1u@reference.com,Male
Stern,sfrape1v@wired.com,Male
Denny,dcoxen1w@topsy.com,Female
Way,wlester1x@nbcnews.com,Agender
Audrye,apimerick1y@cbc.ca,Agender
Hew,hfransemai1z@about.com,Male
Silvio,smaciaszczyk20@gmpg.org,Male
Merle,mdregan21@zdnet.com,Female
Karlen,kkain22@i2i.jp,Genderqueer
Lettie,lfontin23@businessinsider.com,Female
Deedee,dwhitlam24@paypal.com,Female
Floyd,flightfoot25@elegantthemes.com,Male
Orly,ohardware26@google.com.hk,Female
Lacee,llanning27@wsj.com,Female
Wilmer,westick28@liveinternet.ru,Male
Sandor,smarjot29@hugedomains.com,Male
Fraze,fshewring2a@vkontakte.ru,Male
Beauregard,bsyddon2b@shop-pro.jp,Male
Eleanor,elevene2c@google.nl,Polygender
Margarethe,mpresho2d@oaic.gov.au,Female
Janelle,jbrigdale2e@redcross.org,Female
Werner,wwindybank2f@prnewswire.com,Male
Adolphe,aaddis2g@ihg.com,Male
Arvie,afolli2h@tripadvisor.com,Male
Mufinella,mdurnian2i@last.fm,Female
Cilka,cbaress2j@networksolutions.com,Female
Quinta,qnawton2k@admin.ch,Female
Chance,cconibere2l@printfriendly.com,Male
Nanette,ngeary2m@shinystat.com,Female
Artemus,abordis2n@elegantthemes.com,Genderfluid
Brina,bthonger2o@nifty.com,Female
Juliana,jburgane2p@businessweek.com,Female
Marinna,mgarrioch2q@hubpages.com,Bigender
Jeremy,jfydoe2r@epa.gov,Male
Silas,sspringthorp2s@dagondesign.com,Male
Emilio,emelpuss2t@bbc.co.uk,Male
Adolf,aohanvey2u@nbcnews.com,Male
Menard,mlintill2v@washingtonpost.com,Male
Katleen,kmactavish2w@barnesandnoble.com,Female
Laurella,lridsdale2x@auda.org.au,Female
Carena,cgoter2y@etsy.com,Female
Codi,ccescoti2z@blogtalkradio.com,Male
Mariann,mhatchman30@about.com,Female
Carmella,ccruz31@cdbaby.com,Female
Tomkin,tcaldayrou32@paypal.com,Male
Antonina,ahamments33@mozilla.com,Female
Clovis,cpaulucci34@hhs.gov,Female
Jere,jmotherwell35@globo.com,Bigender
Jaimie,jsnashall36@loc.gov,Male
Billy,bruby37@cloudflare.com,Male
Brod,bnorrey38@chronoengine.com,Male
Christian,cdiamond39@rediff.com,Female
Tessa,tdurbyn3a@homestead.com,Female
Inga,iattree3b@cloudflare.com,Female
Clevie,cbaser3c@ed.gov,Male
Kelly,kbernhardsson3d@blogspot.com,Female
Amabelle,adoncaster3e@angelfire.com,Female
Bailie,bbussens3f@unicef.org,Male
Phil,ptallquist3g@webmd.com,Male
Brandi,bseiter3h@squidoo.com,Female
Elmore,ekindread3i@naver.com,Male
Quinlan,qdibbin3j@ft.com,Male
Gerda,gende3k@shop-pro.jp,Female
Clare,cwarhurst3l@phpbb.com,Female
Luke,lcollip3m@slashdot.org,Male
Catina,callawy3n@indiegogo.com,Agender
Noland,nscamp3o@princeton.edu,Male
Alex,afforde3p@umn.edu,Male
Derek,dstetson3q@mit.edu,Male
Tonye,tboddam3r@cdc.gov,Female
Vania,vpavolini3s@auda.org.au,Female
Wilona,wjacombs3t@newsvine.com,Female
Dorothee,dbrabon3u@chronoengine.com,Female
Manfred,mwoodfin3v@craigslist.org,Male
Neddy,nsampson3w@skyrock.com,Male
Konstantin,kblofield3x@unicef.org,Male
Anabella,afalloon3y@sfgate.com,Female
Bryan,bpallas3z@ucoz.ru,Male
Ibbie,idoogan40@hubpages.com,Polygender
Marion,mclist41@tumblr.com,Female
Tiffani,ttordiffe42@ycombinator.com,Female
Lora,lriddle43@europa.eu,Female
Sandor,salison44@altervista.org,Male
Tome,twilderspoon45@archive.org,Polygender
Vernen,vlies46@biglobe.ne.jp,Non-binary
Ethe,etolley47@reverbnation.com,Male
Demetra,dpiris48@unesco.org,Female
Lemmie,lgronaver49@pen.io,Male
Kelli,kbletsor4a@elegantthemes.com,Female
Nana,nboch4b@slate.com,Female
Antoinette,atooley4c@taobao.com,Female
Valeda,vlarenson4d@list-manage.com,Female
Emilio,ewollacott4e@digg.com,Male
Dagmar,dbeardon4f@rambler.ru,Female
Ferguson,fmonteaux4g@ifeng.com,Male
Connie,csaterweyte4h@dropbox.com,Genderfluid
Janek,jsunley4i@ucla.edu,Male
Clarisse,crothert4j@ucoz.ru,Female
Vevay,vpenrith4k@prlog.org,Female
Nisse,nrubbert4l@51.la,Female
Marsh,mmahaddie4m@tamu.edu,Male
Layla,lskull4n@ebay.com,Female
Benedetto,bcarnow4o@engadget.com,Male
Emylee,efozard4p@wiley.com,Female
Marianne,mruffler4q@w3.org,Female
Carmine,crenfree4r@4shared.com,Female
Bryon,bhuffy4s@printfriendly.com,Male
Gav,gmoncreif4t@apple.com,Male
Jyoti,jbourgaize4u@wiley.com,Female
Aurore,acasarili4v@google.ca,Female
Lorant,lthurstance4w@about.me,Male
Dusty,ddoeg4x@simplemachines.org,Female
Barnaby,bmaker4y@posterous.com,Male
Kiley,kskinley4z@nydailynews.com,Female
Reginald,rsleany50@slideshare.net,Male
Brnaby,bbourthoumieux51@ucoz.com,Male
Northrop,nwrightham52@joomla.org,Male
Ansel,acorran53@bloglovin.com,Male
Emelita,ebaudino54@oaic.gov.au,Female
Netty,nvousden55@cisco.com,Female
Forrester,fdearnley56@wiley.com,Male
Lynette,llere57@facebook.com,Female
Dal,dfryatt58@odnoklassniki.ru,Male
Rogerio,rbocock59@weebly.com,Male
Koralle,kkerner5a@blogger.com,Female
Nola,nsnedden5b@prnewswire.com,Female
Theodoric,tixor5c@go.com,Male
Leilah,lgovier5d@blogspot.com,Female
Hinda,hninotti5e@usda.gov,Female
Cecilla,credihough5f@army.mil,Female
Prinz,ppearlman5g@nsw.gov.au,Male
Mora,mhalleday5h@networksolutions.com,Female
Rene,rcleveland5i@disqus.com,Male
Aubrette,agoggan5j@sfgate.com,Female
Etty,eblinerman5k@time.com,Female
Rita,rfarny5l@printfriendly.com,Female
Abby,atansill5m@cpanel.net,Male
Damita,dspringle5n@sohu.com,Female
Huberto,hcreggan5o@goo.ne.jp,Male
Shoshanna,sventom5p@a8.net,Genderqueer
Sayers,slarive5q@xrea.com,Male
Rowney,rworsfield5r@cnn.com,Male
Malynda,mbullers5s@nyu.edu,Non-binary
Tricia,tkemer5t@oaic.gov.au,Female
Terrance,tcaneo5u@plala.or.jp,Male
Mitchael,mdonnelly5v@multiply.com,Male
Abdul,asimoncello5w@cbsnews.com,Male
Dulcinea,dterry5x@yelp.com,Female
Hubert,hrestorick5y@oaic.gov.au,Male
Ruggiero,rbough5z@indiatimes.com,Male
Ashley,abenner60@tinyurl.com,Male
Olag,osudddard61@soundcloud.com,Male
Molly,mmenault62@ezinearticles.com,Female
Isabel,imaccourt63@cnet.com,Female
Claire,cwelch64@mediafire.com,Female
Briney,bhryniewicz65@parallels.com,Female
Gail,glebarr66@nature.com,Female
Ilka,isidon67@addtoany.com,Female
Marylee,mperfili68@sciencedaily.com,Female
Isidoro,ivance69@moonfruit.com,Male
Roze,rkopman6a@intel.com,Agender
Misha,mbegg6b@webnode.com,Female
Glynn,gpalmer6c@pen.io,Male
Isidor,ibowerbank6d@blogger.com,Male
Carmelia,cstiling6e@de.vu,Female
Saunderson,skos6f@squarespace.com,Male
Margareta,mheaphy6g@apple.com,Female
Ashlan,aburnage6h@ucoz.ru,Female
Flossie,fdennert6i@si.edu,Female
Maurine,msissons6j@answers.com,Female
Monika,mtilmouth6k@altervista.org,Female
Dehlia,drestill6l@facebook.com,Polygender
Flemming,fmix6m@histats.com,Male
Adlai,adunmore6n@wikimedia.org,Male
Aliza,akimmons6o@wordpress.com,Female
Phebe,pfedder6p@princeton.edu,Female
Bogart,bshanks6q@google.co.jp,Male
Melisent,mpetti6r@hhs.gov,Female
Ingamar,ibeining6s@g.co,Male
Davide,dpates6t@mozilla.org,Male
Catlaina,cbadland6u@weather.com,Female
Ida,irate6v@infoseek.co.jp,Female
Otho,orickerby6w@vimeo.com,Male
Fulton,fallwood6x@sbwire.com,Male
Trenton,ttompkiss6y@google.ca,Male
Kris,ktethcote6z@goodreads.com,Female
Gerry,godocherty70@wsj.com,Female
Ellynn,earniz71@epa.gov,Female
Alfy,acollcutt72@newsvine.com,Female
Chico,cranyell73@squarespace.com,Male
Annalise,adrane74@sciencedirect.com,Female
Norton,nsargerson75@blogspot.com,Genderfluid
Tann,tchadd76@army.mil,Male
Edythe,enel77@arstechnica.com,Female
Axel,aost78@github.com,Male
Sherman,sheelis79@wunderground.com,Male
Jamison,jmeadmore7a@taobao.com,Male
Tiff,talexsandrowicz7b@alexa.com,Female
Vivien,vliddle7c@cbslocal.com,Female
Steve,sstroud7d@intel.com,Male
Lindie,lcloy7e@walmart.com,Female
Wendi,wmobberley7f@pbs.org,Female
Magnum,mpeterkin7g@last.fm,Male
Robinetta,rkeward7h@marketwatch.com,Female
Shina,smuriel7i@4shared.com,Female
Kain,kmatzl7j@vimeo.com,Male
Yoshi,yseckom7k@posterous.com,Female
Genevra,gsurby7l@patch.com,Female
Ronni,rqualtrough7m@mapy.cz,Female
Mariska,mbrowncey7n@answers.com,Female
De,dchurchill7o@dyndns.org,Female
Clemmie,cgidney7p@last.fm,Male
Noelle,nbeceril7q@digg.com,Female
Bear,bhannond7r@qq.com,Male
Rori,rizatson7s@jiathis.com,Genderfluid
Chet,cbradbeer7t@pagesperso-orange.fr,Male
Minetta,moldknowe7u@imdb.com,Female
Ethelin,ewisedale7v@samsung.com,Female
Locke,lpittendreigh7w@oaic.gov.au,Male
Avery,abras7x@webeden.co.uk,Male
Joseito,jcorder7y@cisco.com,Male
Thor,ttabourin7z@friendfeed.com,Male
Sonnnie,svel80@pagesperso-orange.fr,Female
Jim,jdarlow81@blinklist.com,Male
Mala,mpenner82@tamu.edu,Female
Karleen,kchaise83@shop-pro.jp,Female
Valli,vchason84@google.co.jp,Female
Grace,gplummer85@angelfire.com,Female
Olia,obernhard86@theguardian.com,Female
Napoleon,naltamirano87@paypal.com,Male
Ileane,iledamun88@livejournal.com,Female
Clemmy,cclarkewilliams89@cmu.edu,Male
Arron,akiddy8a@netvibes.com,Male
Lilah,lcliburn8b@altervista.org,Female
Georas,granstead8c@clickbank.net,Male
Aguistin,amackrell8d@issuu.com,Male
Darbee,dminger8e@gizmodo.com,Male
Perkin,pcoulthart8f@51.la,Male
Gabriella,ggarvey8g@europa.eu,Female
Gail,grudledge8h@zdnet.com,Female
Town,tspittles8i@yellowpages.com,Male
Bernadine,bbrehault8j@cnbc.com,Agender
Zorine,zclothier8k@opensource.org,Female
Valentino,vingleston8l@drupal.org,Male
Fairfax,fstreatfeild8m@issuu.com,Bigender
Leonanie,lleavey8n@hhs.gov,Female
Hubie,hslowley8o@smugmug.com,Male
Aimee,adyter8p@usnews.com,Female
Royall,rsnowdon8q@reuters.com,Male
Chip,cpindar8r@columbia.edu,Male
Chelsy,chowison8s@wikipedia.org,Female
Malvin,mavarne8t@aol.com,Male
Poul,plodder8u@example.com,Genderfluid
Theodosia,tforestall8v@elegantthemes.com,Female
Skipp,sclayborn8w@clickbank.net,Male
Meade,mdeinert8x@pen.io,Male
Flinn,fedgehill8y@mysql.com,Male
Lolita,lpengilly8z@geocities.jp,Female
Eric,eessame90@merriam-webster.com,Male
Inga,igile91@icq.com,Female
Roslyn,ryonnie92@mediafire.com,Female
Myer,mbindley93@economist.com,Male
Sabra,sibbitson94@soup.io,Agender
Carmine,cgosforth95@gizmodo.com,Male
Emylee,ecornelius96@trellian.com,Female
Kevyn,kjannings97@dailymotion.com,Female
Wilmette,whalfacre98@boston.com,Female
Lem,langer99@home.pl,Male
Tatiana,tconnelly9a@mashable.com,Female
Giacomo,gsmalecombe9b@google.com.hk,Male
Roddy,rsmowton9c@china.com.cn,Male
Delilah,djanous9d@cloudflare.com,Female
Ermanno,egerardi9e@geocities.com,Male
Valina,vpaish9f@tuttocitta.it,Female
Dianemarie,dimesen9g@4shared.com,Female
Jonell,jroast9h@bizjournals.com,Female
Aimee,aashdown9i@twitter.com,Female
Maury,mivanilov9j@toplist.cz,Male
Dorita,dbielfelt9k@g.co,Female
Irving,iknowler9l@amazonaws.com,Non-binary
Klaus,kleades9m@nbcnews.com,Male
Wallas,wwoolaghan9n@seattletimes.com,Male
Antin,agillow9o@latimes.com,Male
Malina,meglinton9p@soundcloud.com,Female
Eleanora,efirmage9q@google.nl,Female
Jamaal,jmarshland9r@squidoo.com,Male
Ethelin,ebootland9s@twitter.com,Female
Zane,zsima9t@buzzfeed.com,Male
Pascal,ppedro9u@cbc.ca,Male
Danica,daksell9v@qq.com,Female
Fredric,fthundercliffe9w@ucoz.com,Male
Gwenette,ghayworth9x@boston.com,Female
Amabelle,abeddin9y@networksolutions.com,Female
Cristy,cmclafferty9z@disqus.com,Female
Eli,erenwicka0@themeforest.net,Male
Rozalie,rlinfitta1@nytimes.com,Female
Jillana,jfoxona2@cnn.com,Female
Consuela,ccoronasa3@samsung.com,Genderqueer
Marshal,mshortera4@businessweek.com,Male
Jacinda,jvellacotta5@nydailynews.com,Female
Alverta,adunna6@wikispaces.com,Female
Ciel,creinbacha7@reuters.com,Female
Toby,tpruea8@apple.com,Male
Joannes,jnerna9@themeforest.net,Female
Marcelo,moxeraa@xinhuanet.com,Male
Danyelle,dwaterhousab@google.it,Female
Clerissa,cmaiorac@nifty.com,Female
Si,ssancroftad@flickr.com,Male
Laurie,llassellsae@deviantart.com,Female
Francene,fkempstoneaf@webnode.com,Female
Gweneth,gcrociag@altervista.org,Female
Darin,dsizeah@mysql.com,Male
Adolphe,acristoferiai@google.de,Male
Bobby,bjuanesaj@hhs.gov,Female
Jerry,jkatteak@ehow.com,Female
Chico,cbemmental@ox.ac.uk,Male
Cecelia,colanderam@mit.edu,Female
Chris,cnewellan@wikispaces.com,Male
Mitchel,mventhamao@senate.gov,Male
Jack,jvokesap@time.com,Genderqueer
Tedda,tscottesmooraq@networksolutions.com,Female
Jake,jtrobeyar@jugem.jp,Male
Zacharie,zpallinas@unesco.org,Male
Yoshiko,yharvieat@who.int,Female
Sandy,sgrinhamau@myspace.com,Male
Alfonse,alangabeerav@theguardian.com,Male
Lolly,lbiaggiottiaw@cam.ac.uk,Female
Rachele,rchamberlainax@goo.gl,Female
Gregg,grusteay@unesco.org,Genderqueer
Poppy,pmatthewaz@bloglines.com,Female
Emeline,ealoshikinb0@woothemes.com,Female
Theresina,tmunnsb1@blogger.com,Female
Babara,bwaylettb2@ca.gov,Female
Estele,emitchamb3@marriott.com,Female
Lotte,lchalliceb4@slate.com,Female
Jacky,jklimekb5@icio.us,Male
Donaugh,dcamillob6@unicef.org,Male
Christian,cgomesb7@un.org,Male
Sibyl,soscroftb8@cyberchimps.com,Female
Margi,mpanyerb9@adobe.com,Polygender
Tiebold,twhelanba@virginia.edu,Male
Concordia,cblockeybb@clickbank.net,Female
Lurette,lwaplesbc@imageshack.us,Female
Vivi,vpotticarybd@pcworld.com,Female
Laryssa,lfootebe@oakley.com,Female
Basilio,bmatysikbf@t-online.de,Male
Maritsa,mkauffmanbg@alexa.com,Female
Griffin,gphippenbh@gov.uk,Male
Dominique,drollinshawbi@java.com,Female
Sauncho,sstreatfeildbj@comsenz.com,Male
Janette,jcasserleybk@soup.io,Female
Sebastien,sbanasiakbl@discuz.net,Male
Lefty,lnowillbm@soup.io,Male
Johnath,jbassambn@mail.ru,Female
Wrennie,whastingsbo@moonfruit.com,Female
Paulina,pllopisbp@mozilla.org,Female
Frants,fgilardonebq@who.int,Male
Larine,ldillowaybr@salon.com,Polygender
Lesly,lgarwillbs@spotify.com,Female
Bree,bsafebt@usa.gov,Female
Mattie,mtommasuzzibu@cornell.edu,Male
Godfrey,glehucquetbv@gmpg.org,Genderfluid
Teodoor,tkeoughbw@google.pl,Male
Elisabet,eloxleybx@hubpages.com,Female
Tiphany,topdenorthby@wikispaces.com,Female
Cicily,ccranagebz@yale.edu,Female
Gunner,gjeffsc0@hc360.com,Male
Sky,scorneckc1@liveinternet.ru,Male
Bethina,bsemoninc2@yelp.com,Female
Ash,ajankiewiczc3@joomla.org,Male
Jemmy,jprozesckyc4@google.fr,Female
Odie,ogeorgc5@theguardian.com,Non-binary
Anabelle,awathellc6@cyberchimps.com,Female
Ulrike,udanilewiczc7@deviantart.com,Female
Rikki,rpinelc8@vistaprint.com,Male
Elbertine,ejostanc9@comcast.net,Female
Christyna,cswetlandca@berkeley.edu,Female
Zorina,zcurnowcb@wordpress.com,Female
Leone,ltunnochcc@home.pl,Female
Wilhelmina,wbortoluzzicd@walmart.com,Female
Warden,wbogiesce@cdc.gov,Male
Boot,bhansberrycf@amazon.co.jp,Male
Carlotta,cdemchencg@tinypic.com,Female
Lyn,lshervilch@tuttocitta.it,Male
Lyda,lwakerci@statcounter.com,Female
Kelcy,kgutersoncj@lycos.com,Female
Shanda,sprobetsck@unc.edu,Female
Arvie,avedstracl@unc.edu,Male
Brandon,bpennellcm@google.ca,Male
Fanchette,fboutelliercn@salon.com,Female
Sebastien,sbazelyco@exblog.jp,Male
George,gstothartcp@telegraph.co.uk,Female
Novelia,nfredicq@weather.com,Female
Brady,bbossinghamcr@biglobe.ne.jp,Male
Hayward,haparkcs@xrea.com,Male
Rania,rjozaitisct@1und1.de,Female
Kenn,kholsteincu@nymag.com,Male
Lottie,lpierrocv@opensource.org,Female
Sadye,strycw@forbes.com,Female
Crawford,ctraylingcx@craigslist.org,Male
Dolores,djobecy@flickr.com,Polygender
Jacquetta,jmacaughtriecz@a8.net,Female
Misti,mcrowcombed0@surveymonkey.com,Female
Kleon,kfettisd1@tiny.cc,Male
Gerianna,gwhymarkd2@tiny.cc,Agender
Olive,owombwelld3@icq.com,Female
Odessa,olefriecd4@bloomberg.com,Female
Klaus,kelfed5@aboutads.info,Male
Bucky,bkalvind6@360.cn,Agender
Sorcha,smainsond7@wikipedia.org,Female
Filberto,fhaswelld8@deliciousdays.com,Male
Inesita,ipiggend9@forbes.com,Female
Hildegarde,hpurseyda@chicagotribune.com,Female
Melloney,mmaroneydb@statcounter.com,Female
Hank,hblunsumdc@edublogs.org,Male
Percy,posheedd@xing.com,Male
Niles,nhovendende@mapy.cz,Male
Concettina,cpiotrowskidf@technorati.com,Female
Keene,ktargetterdg@xinhuanet.com,Male
Lars,lwildberdh@telegraph.co.uk,Male
Gram,gdeedi@soundcloud.com,Male
Mildrid,mboddiedj@i2i.jp,Female
Tanny,tcasteldk@bloglines.com,Male
Mac,mdowsondl@washingtonpost.com,Male
Tasha,trosenstengeldm@devhub.com,Female
Corrinne,cdutnelldn@alexa.com,Female
Ryann,rbalydo@github.com,Female
Robbert,rnuschadp@squidoo.com,Male
Row,rpiddlesdendq@prweb.com,Female
Marne,mmarkushkindr@tamu.edu,Female
Antonina,amcgreilds@creativecommons.org,Polygender
Fair,faylindt@opera.com,Male
Hilda,hmillyarddu@telegraph.co.uk,Female
Neils,nstorahdv@europa.eu,Male
Kyle,kminardsdw@time.com,Male
Griff,gshillitoedx@360.cn,Male
Una,uspitarody@youtube.com,Female
Aloysius,akentishdz@slideshare.net,Male
Walton,wpeaceye0@wufoo.com,Male
Micheline,mkilleleae1@cbslocal.com,Female
Merell,mfarralle2@slate.com,Male
Michele,mnegale3@booking.com,Female
Gill,ggilpine4@imdb.com,Male
Hatti,hharnwelle5@ask.com,Female
Maryellen,mbudnke6@furl.net,Female
Eleanore,eheigle7@oracle.com,Female
Boote,bsimione8@nymag.com,Male
Brew,bjochene9@squidoo.com,Male
Laverna,livanyutinea@blogtalkradio.com,Female
Natalee,nestableeb@marriott.com,Female
Iggie,ifrapeec@guardian.co.uk,Male
Cal,csiegharted@networksolutions.com,Male
Anjanette,aagassee@t.co,Female
Jeddy,jkeoghaneef@twitter.com,Male
Cleveland,cmaccallumeg@feedburner.com,Male
Matias,mwileseh@google.de,Male
Sharron,sbrownscombeei@ox.ac.uk,Female
Giselbert,gtradewellej@privacy.gov.au,Male
Debor,dditerek@accuweather.com,Female
Clayton,cgilliamel@engadget.com,Male
Janis,jdeverem@sogou.com,Female
Fabio,fegelen@ucoz.com,Male
Shaylynn,sserviceeo@nih.gov,Female
Louis,lsamweyesep@gmpg.org,Male
Karilynn,kcolameq@jalbum.net,Female
Artemas,awallerbridgeer@feedburner.com,Male
Beth,bbennoughes@house.gov,Female
Lynna,lsessunset@technorati.com,Female
Zeb,zkearneu@opensource.org,Male
Georgine,gvandenveldeev@eepurl.com,Female
Colan,cjozefowiczew@artisteer.com,Male
Agustin,acausbeyex@netlog.com,Male
Claudelle,cmarishenkoey@simplemachines.org,Female
Tiebold,tcarlileez@webnode.com,Male
Conni,cdumbreckf0@opera.com,Genderqueer
Corrine,cpowlingf1@house.gov,Female
Billi,bzecchettif2@squarespace.com,Female
Luca,lgoodlattf3@indiatimes.com,Male
Bil,bfibbensf4@mediafire.com,Male
Annabela,aohartiganf5@mapy.cz,Female
Marin,mcowef6@wp.com,Female
Lizzy,lmcboylef7@wp.com,Female
Padraic,poakeshottf8@wikispaces.com,Male
Cedric,calberyf9@woothemes.com,Male
Randi,rsoallfa@hexun.com,Female
Gareth,glinleyfb@clickbank.net,Male
Muffin,mhalltfc@vistaprint.com,Male
Isidro,ikittlesfd@cafepress.com,Male
Hanna,hpresterfe@nydailynews.com,Polygender
Liz,lghiraldiff@about.me,Female
Coleen,cmccarrickfg@discuz.net,Female
Harry,hfauguelfh@nationalgeographic.com,Male
Kearney,kdebenedictisfi@feedburner.com,Male
Carrol,creilingerfj@nba.com,Male
Bobette,bbarbarafk@springer.com,Female
Brnaby,bleonardfl@istockphoto.com,Male
Celestyna,cpapenfm@dropbox.com,Female
Udall,uzealeyfn@oakley.com,Male
Rosie,reverleighfo@nytimes.com,Female
Nyssa,nmaseykfp@ted.com,Female
Odette,odymokefq@ycombinator.com,Female
Kimble,kgammidgefr@wix.com,Male
Kathlin,kroughanfs@slideshare.net,Female
Charles,cshorrockft@unblog.fr,Male
Fidelity,fmulqueenfu@army.mil,Female
Christoper,cduiguidfv@statcounter.com,Male
Amber,afulcherfw@loc.gov,Female
Richard,rnapoleonefx@barnesandnoble.com,Male
Chere,cdalziellfy@flickr.com,Female
Lindsy,lgoldneyfz@pcworld.com,Female
Neddie,nraikerg0@oracle.com,Male
Ansley,apyfordg1@chron.com,Polygender
Melli,mmatashking2@craigslist.org,Female
Nelle,nfugeg3@chron.com,Female
Allys,aglederg4@soup.io,Female
Darleen,dohallagang5@tripod.com,Female
Aida,awestcotg6@myspace.com,Female
Garek,gperrig7@deliciousdays.com,Male
Justina,jsinnattg8@rakuten.co.jp,Female
Lammond,lmacguffieg9@bandcamp.com,Male
Noel,nwalchga@posterous.com,Female
Barty,bbryentongb@cisco.com,Male
Jorie,jheingc@cmu.edu,Female
Alverta,awinfindalegd@livejournal.com,Female
Charlean,chullahge@so-net.ne.jp,Female
Kane,kcastongf@indiatimes.com,Male
Edna,esandhamgg@merriam-webster.com,Female
Lacey,lvedmoregh@liveinternet.ru,Genderqueer
Georgine,gtorrijosgi@techcrunch.com,Female
Chelsie,cscholergj@eepurl.com,Female
Gordan,ghundellgk@pbs.org,Male
Silvio,sworssamgl@noaa.gov,Male
Dodi,dtreadwaygm@ucla.edu,Female
Husein,hstreetengn@illinois.edu,Male
Currie,cgendersgo@purevolume.com,Male
Juliann,jstanelandgp@sun.com,Female
Marcello,mnunngq@nymag.com,Male
Marsha,mpechagr@dedecms.com,Female
Farlay,fshirleygs@state.tx.us,Male
Egan,epadlygt@freewebs.com,Male
Elenore,elacostegu@accuweather.com,Female
Adelbert,abrownrigggv@admin.ch,Male
Edythe,ecoltmangw@pagesperso-orange.fr,Female
Marketa,mlowerygx@ebay.co.uk,Female
Jordon,jgillhespygy@loc.gov,Male
Kittie,kgrigorinigz@cbc.ca,Female
Lisetta,lpinfoldh0@cloudflare.com,Female
Kiele,kodyvoieh1@vimeo.com,Female
Octavius,oskaeh2@addthis.com,Male
Hogan,hleggeh3@wikia.com,Male
Yolanthe,ybrimmanh4@sina.com.cn,Female
Gerrard,gjanssenh5@redcross.org,Male
Park,phattamh6@cargocollective.com,Male
Jules,jbichenerh7@yandex.ru,Male
Nester,ntideyh8@netscape.com,Male
Grantley,gplaskitth9@vistaprint.com,Male
Ezmeralda,emarisha@nifty.com,Female
Isidoro,ihuggenshb@illinois.edu,Male
Matthiew,mchildeshc@com.com,Male
Truman,tsiddonhd@archive.org,Male
Darbie,dfedoronkohe@youtube.com,Female
Marysa,mpancousthf@nasa.gov,Female
Modesty,mstaineshg@wsj.com,Female
Harald,hshollhh@phpbb.com,Male
Onida,ostormshi@twitter.com,Non-binary
Salomi,sswaitehj@jalbum.net,Female
Ursa,umccoveneyhk@flickr.com,Female
Alard,aadinhl@mysql.com,Male
Washington,wtrebblehm@prnewswire.com,Male
Joyann,jairyhn@addthis.com,Female
Tedie,tbigglestoneho@soup.io,Male
Lurleen,lboorerhp@t.co,Female
Louie,ltowlhq@hostgator.com,Male
Cooper,cambrogiottihr@twitpic.com,Male
Nancy,ntallhs@marriott.com,Female
Retha,rhuelinht@nytimes.com,Female
Tracy,tbisatthu@behance.net,Male
Deina,dendenhv@arstechnica.com,Female
Mikel,mburgenhw@nydailynews.com,Male
Kenyon,kthebehx@paginegialle.it,Male
Sheilah,sstirlandhy@nymag.com,Female
Danny,dsilburnhz@msn.com,Female
Gerty,gdougaryi0@wordpress.com,Female
Izaak,ibarszczewskii1@ning.com,Male
Delano,dandrieuxi2@wiley.com,Male
Curry,clarhami3@earthlink.net,Male
Elene,emurfetti4@mayoclinic.com,Female
Robby,rranscombi5@qq.com,Male
Horten,hmarkosi6@mozilla.org,Male
Thorpe,tniesei7@latimes.com,Male
Merry,mskupinskii8@twitpic.com,Female
Sib,sventurai9@scribd.com,Female
Halsy,hshieldonia@yellowbook.com,Male
Elset,ecaillouib@cnn.com,Female
Gregory,ggarthshoreic@meetup.com,Male
Juieta,jwoodesid@nifty.com,Agender
Brady,bcapeyie@youtu.be,Male
Tremain,tpedroccoif@oracle.com,Male
Harvey,hbeaulyig@springer.com,Male
Agretha,amcilhoneih@weather.com,Female
Mikkel,mwillgossii@discuz.net,Bigender
Shellie,sodeaij@pbs.org,Female
Ermin,eiannettiik@latimes.com,Male
Walden,wpailil@reference.com,Male
Horacio,hroartyim@ifeng.com,Agender
Brannon,baphalein@soundcloud.com,Male
Cobby,ccarltonio@vkontakte.ru,Male
Ulrich,udogetip@people.com.cn,Male
Brig,bbexoniq@home.pl,Male
Ara,asarrair@abc.net.au,Male
Reinhold,raverayis@weebly.com,Male
Stepha,smacnucatorit@webmd.com,Female
Adrian,abooijiu@yolasite.com,Female
Obadiah,owhittletoniv@deliciousdays.com,Male
Sasha,sschwandneriw@theguardian.com,Female
Jaime,jkitchingix@java.com,Bigender
Sibel,sbohlingolseniy@vimeo.com,Female
Natividad,naucuttiz@census.gov,Female
Wit,wbenyanj0@whitehouse.gov,Male
Burr,bkershowj1@discovery.com,Male
Alyse,aandrewj2@amazon.co.uk,Female
Jose,jtolertonj3@npr.org,Male
Carrissa,cattfieldj4@liveinternet.ru,Female
Willette,wwicklinj5@yale.edu,Female
Jourdain,jpowisj6@bluehost.com,Male
Woodie,wmcconigalj7@japanpost.jp,Male
Danit,dgreenfieldj8@smugmug.com,Female
Berke,bjakucewiczj9@tinyurl.com,Male
Cornall,cmccurdyja@mysql.com,Male
Heinrick,hscollandjb@boston.com,Bigender
Bailey,bflutejc@moonfruit.com,Male
Lyndsie,lloyleyjd@dmoz.org,Female
Jarvis,jabramsonje@cafepress.com,Male
Millisent,mputtrelljf@twitter.com,Female
Koressa,kmottonjg@mapquest.com,Female
Zandra,zregitzjh@geocities.com,Female
Crystie,clegganji@i2i.jp,Female
Kora,koveralljj@squidoo.com,Female
Nicolais,nlampejk@samsung.com,Male
Lorenzo,lglassborowjl@feedburner.com,Male
Terrel,tmaidensjm@irs.gov,Male
Robinet,rrainonjn@ibm.com,Female
Brinna,bhexumjo@oracle.com,Female
Nata,nkiftjp@imageshack.us,Female
Glyn,gbuscherjq@slate.com,Female
Jo ann,jgeraghtyjr@usnews.com,Female
Xaviera,xameyjs@forbes.com,Female
Pavel,psouthwayjt@studiopress.com,Male
Lizbeth,lingledowju@statcounter.com,Female
Brock,bcaltunjv@sciencedirect.com,Male
Wilone,wellerkerjw@google.com,Female
Bernardina,bspuffardjx@mysql.com,Female
Roderich,rdelaceyjy@myspace.com,Male
Walton,wthornewilljz@e-recht24.de,Male
Rowe,rpoulettk0@eepurl.com,Female
Damon,dwozencraftk1@aol.com,Male
Hilario,hgrzelewskik2@taobao.com,Male
Wandie,wmaccombek3@infoseek.co.jp,Female
Rebeka,rharrismithk4@youku.com,Female
Bond,bmacgowk5@jiathis.com,Male
Serene,sgergelyk6@senate.gov,Female
Heall,hwarwickerk7@wikispaces.com,Male
Natividad,nbuxsyk8@i2i.jp,Female
Katha,kkikek9@quantcast.com,Female
Jehu,joshielska@stanford.edu,Male
Urbanus,uallibonekb@chicagotribune.com,Male
Veronica,vpiffordkc@sakura.ne.jp,Female
Coralie,cdiesskd@indiatimes.com,Female
Lemuel,lwilcherke@blogtalkradio.com,Male
Abraham,agerramkf@phoca.cz,Male
Olav,obyarskg@lulu.com,Male
Clywd,clocalkh@adobe.com,Male
Cathyleen,cshimmingski@google.fr,Female
Silva,sgilliekj@nationalgeographic.com,Female
Marylou,mberrekk@deliciousdays.com,Female
Shayne,swellingskl@tripadvisor.com,Male
Norton,nroycraftkm@exblog.jp,Male
Tomas,tcraigkn@angelfire.com,Non-binary
Benn,bmcgreadyko@bing.com,Male
Carol-jean,cmuzzillokp@time.com,Female
Laurena,lchaulkkq@friendfeed.com,Female
Allix,airniskr@shop-pro.jp,Female
Rudiger,rplumtreeks@sbwire.com,Male
Hazlett,hgreskt@sciencedirect.com,Male
Deeyn,ditzcovichchku@t-online.de,Female
Lauretta,lshellcrosskv@ameblo.jp,Female
Stefan,srookledgekw@parallels.com,Male
Gris,ghudlestonkx@toplist.cz,Non-binary
Maryellen,mheasleyky@dmoz.org,Bigender
Husain,hheiblkz@bandcamp.com,Male
Meredeth,mhoutbiel0@shinystat.com,Male
Liam,lpiffel1@nytimes.com,Male
Sammy,sjaqueminetl2@cisco.com,Genderfluid
Arvy,abaskervillel3@theatlantic.com,Male
Caldwell,cbartlemanl4@youtu.be,Polygender
Aime,awahlbergl5@acquirethisname.com,Female
Olva,opepperilll6@github.com,Female
Laurel,lyeldl7@furl.net,Female
Gertrude,gduvall8@live.com,Female
Mellisent,mnurcombel9@de.vu,Female
Rustin,rbothala@aboutads.info,Male
Pauly,pericksonlb@mediafire.com,Male
Boris,bkloisnerlc@marriott.com,Male
Wake,wbrunetonld@gravatar.com,Male
Rolph,rbimrosele@uiuc.edu,Genderqueer
Oralla,ocristealf@lulu.com,Female
Valentin,vvalentinlg@lulu.com,Male
Stesha,stooveylh@topsy.com,Genderqueer
Beck,bairlieli@hatena.ne.jp,Male
Filmore,fetherseylj@apple.com,Male
Genia,gphiliplk@cdc.gov,Female
Brandon,bscuttll@europa.eu,Male
Aristotle,akenratlm@unicef.org,Male
Randal,rtwellsln@surveymonkey.com,Agender
Munmro,mpiddicklo@amazon.com,Male
Wilmer,wkinchlealp@addthis.com,Polygender
Lorin,lollettlq@goo.ne.jp,Male
Colby,cgreenhalflr@army.mil,Male
Dene,dgotobedls@nyu.edu,Male
Sharron,smcconnallt@yahoo.com,Female
Ario,agiovanettilu@washingtonpost.com,Male
Karly,kwalthewlv@plala.or.jp,Female
Guillema,gforbeslw@printfriendly.com,Female
Coriss,cjovaseviclx@about.me,Female
Nealy,nmcveyly@bravesites.com,Male
Caroljean,ceddollslz@purevolume.com,Female
Sherman,sdeakinsm0@ocn.ne.jp,Male
Marv,mcalrowm1@furl.net,Male
Dory,drudmanm2@google.de,Male
Tabitha,tnewem3@nps.gov,Female
Gerladina,gjojicm4@ustream.tv,Female
Edd,ekrzyzaniakm5@vkontakte.ru,Male
Gunter,gbatallem6@hhs.gov,Polygender
Grove,golderm7@tumblr.com,Male
Jeromy,jwaitm8@upenn.edu,Male
Clemence,cshrigleym9@ibm.com,Female
Ezechiel,elutschma@economist.com,Male
Trixie,tbartimb@t.co,Female
Hill,hsayermc@so-net.ne.jp,Male
Ilise,ipapismd@soup.io,Female
Ashby,aelgramme@wunderground.com,Male
Kendrick,kmullineuxmf@walmart.com,Male
Jasmin,jovingtonmg@blogs.com,Female
Howey,hbenammh@samsung.com,Male
Myrvyn,mvsanellimi@columbia.edu,Polygender
Erena,eduleymj@ycombinator.com,Female
Maura,mburnistonmk@cbc.ca,Female
Ody,otonsleyml@indiatimes.com,Male
Ceciley,cduckettmm@earthlink.net,Female
Jody,jdytermn@cyberchimps.com,Female
Minny,mroddickmo@macromedia.com,Female
Lawry,lpiesoldmp@samsung.com,Male
Shadow,skestellmq@narod.ru,Male
Den,dcompfortmr@wp.com,Genderfluid
Wrennie,wpenlingtonms@facebook.com,Female
Nolan,narchboldmt@usnews.com,Male
Bronson,bedgsonmu@wp.com,Male
Graham,gburrmv@shutterfly.com,Male
Alasteir,amaxstedmw@mac.com,Male
Modestia,mkamanmx@apache.org,Female
Marge,mnanellimy@artisteer.com,Female
Benetta,bprestidgemz@tripadvisor.com,Female
Malissa,mjobn0@arizona.edu,Female
Eileen,efagencen1@tinypic.com,Female
Paten,pmassown2@jugem.jp,Male
Cybil,crawoodn3@opensource.org,Polygender
Lin,lscourgien4@weather.com,Male
Bond,bvalentinon5@omniture.com,Male
Nicko,nhenkern6@friendfeed.com,Non-binary
Ronnica,rlackemannn7@edublogs.org,Female
Dirk,djimmisonn8@stumbleupon.com,Male
Kendell,kwallworkn9@auda.org.au,Male
Hinze,hmchargna@mapy.cz,Male
Emmalynne,ecoxhellnb@sciencedaily.com,Female
Pamela,pserotskync@rediff.com,Female
Dale,dschroternd@oaic.gov.au,Female
Daisie,dcorbishleyne@aol.com,Female
Garrott,gheysnf@amazon.co.jp,Agender
Mervin,mshankleng@ebay.co.uk,Male
Ira,iieldennh@hc360.com,Female
Gun,geasterlingni@amazon.de,Male
Roselin,rmelianj@seattletimes.com,Female
Leah,lpoolmannk@shinystat.com,Bigender
Catlin,crowbottomnl@toplist.cz,Female
Giusto,gmulqueenynm@ibm.com,Male
Pancho,phaswallnn@shop-pro.jp,Male
Joshia,jarmatageno@indiatimes.com,Male
Lynnell,lskidmorenp@xing.com,Female
Christiana,cbrittlebanknq@studiopress.com,Female
Salaidh,stremathacknr@tiny.cc,Female
Amata,areganns@dagondesign.com,Female
Clarke,cfakeleynt@over-blog.com,Male
Leroi,lghironnu@webs.com,Male
Jenni,jlundbergnv@vkontakte.ru,Female
Wynn,wwaringnw@time.com,Female
Karylin,kmagaurannx@tinypic.com,Female
Susan,sahrenny@google.co.uk,Female
Woodrow,whaugehnz@washingtonpost.com,Male
Seth,smaccooko0@auda.org.au,Male
Arlyne,amcjuryo1@unicef.org,Polygender
Gene,gbaggaleyo2@abc.net.au,Male
Euphemia,eyeldhamo3@tripadvisor.com,Female
Nappie,nlermoutho4@prlog.org,Male
Vivyanne,vmorlando5@prnewswire.com,Female
Clementius,cbaltrushaitiso6@independent.co.uk,Male
Pippa,pkegano7@skyrock.com,Agender
Alexei,afawthorpeo8@census.gov,Male
Callean,csebrooko9@altervista.org,Male
Eldin,epetitoa@accuweather.com,Male
Jedd,jmatesob@princeton.edu,Male
Annamarie,adecastrioc@seesaa.net,Female
Melosa,mtarverod@mysql.com,Female
Truman,tboatoe@symantec.com,Male
Sarina,ssextieof@kickstarter.com,Female
Leighton,ldankoog@godaddy.com,Male
Cassie,ctincknelloh@nps.gov,Male
Renato,rduncanoi@sakura.ne.jp,Male
Karia,kucchinooj@businessinsider.com,Genderqueer
Darill,djesteok@e-recht24.de,Male
Tymothy,thabbinol@omniture.com,Male
Belinda,bdeboldom@weibo.com,Female
Carita,ccrewtheron@goodreads.com,Female
Rosanna,rnewcomboo@wp.com,Female
Antonie,asemensop@bluehost.com,Female
Benito,bepinayoq@lycos.com,Male
Sigismond,sgrassotor@google.co.uk,Male
Cecilia,cstorksos@go.com,Female
Demetra,dmacgiffinot@prnewswire.com,Female
Hailey,hlutoou@google.de,Male
Sholom,smccarryov@angelfire.com,Male
Henryetta,hwaliszewskiow@surveymonkey.com,Female
Pollyanna,pgoadbyox@jiathis.com,Female
Keelia,kriseboroughoy@intel.com,Female
Quint,qtullochoz@spiegel.de,Bigender
Hyacinthe,hmassingerp0@weebly.com,Female
Rosalie,rgoldsworthyp1@yahoo.co.jp,Female
Gussi,ggoodyerp2@moonfruit.com,Female
Laney,lsimeonep3@alibaba.com,Male
Corbett,cganiclefp4@naver.com,Male
Nanete,ngarrattp5@deviantart.com,Female
Molly,mbeekmanp6@gmpg.org,Female
Lynn,lkauscherp7@google.fr,Male
Tilda,tjessoppp8@smugmug.com,Female
Jessika,jowttrimp9@flavors.me,Female
Sidnee,stresisepa@npr.org,Genderqueer
Charlton,chouchenpb@odnoklassniki.ru,Male
Derwin,dbatissepc@opensource.org,Male
Rosalynd,renochssonpd@printfriendly.com,Female
Kaleb,kbifieldpe@last.fm,Male
Flori,fmcartanpf@freewebs.com,Female
Lelah,lcastanhopg@example.com,Non-binary
Margery,mvynehallph@icio.us,Female
Bord,bgaynespi@nifty.com,Male
Murdock,mtassellpj@pinterest.com,Male
Derry,dgamepk@xing.com,Male
Leontyne,lbarszczewskipl@usatoday.com,Female
Marji,mrubinskypm@wunderground.com,Female
Edgardo,equilterpn@independent.co.uk,Agender
Krishnah,kgollingpo@toplist.cz,Male
Sammie,sscholarpp@globo.com,Male
Veriee,vsantuspq@ucsd.edu,Female
Leilah,lsalernopr@addthis.com,Female
Reginald,rdallawayps@yale.edu,Male
Jamie,jtitteringtonpt@chronoengine.com,Male
Clark,cmattackpu@ed.gov,Male
Franzen,fdaniaupv@wiley.com,Male
Cello,cwindhampw@vistaprint.com,Male
Marty,mvaneedenpx@pagesperso-orange.fr,Female
Walden,wdanniellpy@vkontakte.ru,Male
Romona,rbotrightpz@dropbox.com,Female
Murray,mmartyntsevq0@angelfire.com,Male
Alon,abariballq1@pinterest.com,Male
Addy,alongfordq2@cocolog-nifty.com,Male
Alida,awoofendellq3@jigsy.com,Female
Alvis,ahalpeineq4@mediafire.com,Male
Cheslie,cserrierq5@sina.com.cn,Female
Morena,mcommingsq6@hatena.ne.jp,Female
Aleece,adavleyq7@creativecommons.org,Agender
Bronny,bzanetelloq8@people.com.cn,Male
Huntley,hpitcherq9@uol.com.br,Male
Nathanial,nilettqa@fda.gov,Male
Olag,owillansqb@google.ru,Male
Finley,fwinnisterqc@disqus.com,Male
Aurel,aramelqd@eepurl.com,Genderqueer
Hamil,hpoxtonqe@tuttocitta.it,Bigender
Suzie,sdewittqf@bloglovin.com,Female
Helge,hroadnightqg@paypal.com,Female
Noel,nboltwoodqh@webs.com,Male
Price,pclaibournqi@smugmug.com,Male
Cherin,cmaccoughanqj@gizmodo.com,Female
Shandra,ssaichqk@xrea.com,Female
Shem,sgladdifhql@craigslist.org,Male
Sauveur,sheskeyqm@msn.com,Male
Ariel,aricioppoqn@wsj.com,Female
Walther,wstablesqo@example.com,Male
Sergent,sbehrendsenqp@economist.com,Male
Niccolo,nbosketqq@creativecommons.org,Male
Darya,dtheussqr@microsoft.com,Agender
Niven,ngoodisonqs@opera.com,Male
Wat,wvancasselqt@tamu.edu,Male
Esmeralda,ecreakqu@histats.com,Female
Phillis,porneblowqv@ehow.com,Female
Kimble,kbarkhouseqw@sogou.com,Male
Blair,bpriestmanqx@uiuc.edu,Male
Curtice,ccobdenqy@cyberchimps.com,Genderqueer
Celesta,cofogartyqz@webnode.com,Female
Matthaeus,mrichlyr0@bing.com,Male
Matthiew,manthiftler1@usnews.com,Male
Burnaby,bjellemanr2@google.com,Male
Christopher,cschwandermannr3@zimbio.com,Male
Shanna,sflecknellr4@github.io,Female
Dion,dmcgraffinr5@google.ru,Female
Constantina,cgreenrodr6@google.com.hk,Female
Kaylyn,kbharr7@usnews.com,Female
Broddie,bdimitrovr8@marriott.com,Male
Cacilie,cchaudretr9@weibo.com,Female
Mellie,mforgera@amazon.co.uk,Female
Rosamund,rfairbracerb@fema.gov,Female
Edithe,erennerc@gnu.org,Female
Meridel,mvanyashkinrd@dailymotion.com,Female
Harriett,hgyrgorcewicxre@cisco.com,Female
Guss,gscrivnerrf@wikipedia.org,Male
Haydon,hfraperg@constantcontact.com,Male
Niccolo,nbohikerh@uiuc.edu,Male
Winnie,wbenneri@ask.com,Female
Jemmie,jdunderdalerj@cornell.edu,Female
Jobey,jworsomrk@nytimes.com,Female
Christiano,cmatyashevrl@biblegateway.com,Male
Cordula,csimeonirm@cisco.com,Female
Nickey,nsyddallrn@sakura.ne.jp,Male
Caritta,cgelderro@wp.com,Non-binary
Kristi,ktomaszekrp@google.nl,Female
Rosaleen,rjackalinrq@foxnews.com,Agender
Wilton,wgamblesrr@cdc.gov,Male
